{"loss/lpips":0.4789558947086334,"_runtime":97,"loss/rgb":0.002357128541916609,"loss/sil":0.009820944629609585,"_timestamp":1.7644342474062028e+09,"epoch":10,"loss/asap":3.017139761141152e-06,"loss/combined_epoch":0.488109956185023,"loss/reg":0.00015191329293884337,"loss/acap":1.056313436720302e-07,"_wandb":{"runtime":97},"_step":159,"loss/combined":0.4863753914833069}